first_name,last_name,email,area_code,phone,address_1,address_2,city,state,zip_code
James,Smith,james.smith@email.com,702,555-0101,4247 Stream Ave,NULL,Las Vegas,NV,89134
Mary,Johnson,mary.johnson@email.com,480,555-0102,9294 Sunny Ter,NULL,Phoenix,AZ,85018
John,Williams,john.williams@email.com,832,555-0103,9833 Woodland Blvd,NULL,Houston,TX,77008
Patricia,Brown,patricia.brown@email.com,313,555-0104,5860 Springwood Way,NULL,Detroit,MI,48211
Robert,Jones,robert.jones@email.com,470,555-0105,643 Lincoln Dr,NULL,Atlanta,GA,30312
Jennifer,Garcia,jennifer.garcia@email.com,832,555-0106,998 Adams Dr,NULL,Houston,TX,77003
Michael,Miller,michael.miller@email.com,404,555-0107,9261 Nineteenth Way,NULL,Atlanta,GA,30324
Linda,Davis,linda.davis@email.com,617,555-0108,5879 Redwood Ter,NULL,Boston,MA,2110
William,Rodriguez,william.rodriguez@email.com,212,555-0109,4845 Short Dr,NULL,New York,NY,10004
Elizabeth,Martinez,elizabeth.martinez@email.com,720,555-0110,6107 Center Dr,NULL,Denver,CO,80209
David,Hernandez,david.hernandez@email.com,983,555-0111,751 Marina Blvd,NULL,Denver,CO,80203
Barbara,Lopez,barbara.lopez@email.com,313,555-0112,7633 Branch Pl,NULL,Detroit,MI,48201
Richard,Gonzalez,richard.gonzalez@email.com,313,555-0113,9711 Yale Ter,NULL,Detroit,MI,48228
Susan,Wilson,susan.wilson@email.com,984,555-0114,1486 Harbor Dr,NULL,Raleigh,NC,27612
Joseph,Anderson,joseph.anderson@email.com,725,555-0115,5124 Beech Rd,NULL,Las Vegas,NV,89134
Jessica,Thomas,jessica.thomas@email.com,678,555-0116,3173 Cliffside Ave,NULL,Atlanta,GA,30309
Thomas,Taylor,thomas.taylor@email.com,725,555-0117,4960 Steel Dr,NULL,Las Vegas,NV,89134
Sarah,Moore,sarah.moore@email.com,702,555-0118,2572 High Way,NULL,Las Vegas,NV,89145
Charles,Jackson,charles.jackson@email.com,983,555-0119,8261 Lakeview Pl,NULL,Denver,CO,80227
Karen,Martin,karen.martin@email.com,878,555-0120,5737 Park Rd,NULL,Pittsburgh,PA,15213
Christopher,Lee,christopher.lee@email.com,312,555-0121,356 Manor Pl,NULL,Chicago,IL,60625
Nancy,Perez,nancy.perez@email.com,720,555-0122,4880 Highland Ave,NULL,Denver,CO,80206
Daniel,Thompson,daniel.thompson@email.com,773,555-0123,8733 Crown St,NULL,Chicago,IL,60632
Lisa,White,lisa.white@email.com,872,555-0124,3026 Current St,NULL,Chicago,IL,60622
Matthew,Harris,matthew.harris@email.com,212,555-0125,6729 Jefferson Pl,NULL,New York,NY,10021
Betty,Sanchez,betty.sanchez@email.com,564,555-0126,2176 Faith Way,NULL,Seattle,WA,98101
Mark,Clark,mark.clark@email.com,470,555-0127,9525 Peak Ave,NULL,Atlanta,GA,30318
Margaret,Ramirez,margaret.ramirez@email.com,770,555-0128,1144 Peace Ln,NULL,Atlanta,GA,30318
Donald,Lewis,donald.lewis@email.com,646,555-0129,3258 Fifth Ave,NULL,New York,NY,10029
Sandra,Robinson,sandra.robinson@email.com,878,555-0130,5985 Wave Ln,NULL,Pittsburgh,PA,15224
Anthony,Walker,anthony.walker@email.com,623,555-0131,7195 Victory Ave,NULL,Phoenix,AZ,85004
Ashley,Young,ashley.young@email.com,202,555-0132,4552 Beech Ave,NULL,Washington,D.C.,20020
Paul,Allen,paul.allen@email.com,617,555-0133,7576 Marina Ln,NULL,Boston,MA,2136
Dorothy,King,dorothy.king@email.com,564,555-0134,6279 Cascade Way,NULL,Seattle,WA,98119
Steven,Wright,steven.wright@email.com,679,555-0135,7359 Desert Ter,NULL,Detroit,MI,48213
Kimberly,Scott,kimberly.scott@email.com,725,555-0136,2984 Tudor Way,NULL,Las Vegas,NV,89102
Andrew,Torres,andrew.torres@email.com,646,555-0137,3378 Ranch Blvd,NULL,New York,NY,10021
Emily,Nguyen,emily.nguyen@email.com,878,555-0138,9546 Cascade Rd,NULL,Pittsburgh,PA,15207
Joshua,Hill,joshua.hill@email.com,919,555-0139,7158 Sycamore Pl,NULL,Raleigh,NC,27604
Donna,Flores,donna.flores@email.com,602,555-0140,5822 Serenity Ct,NULL,Phoenix,AZ,85040
Kenneth,Green,kenneth.green@email.com,480,555-0141,7769 Valleyview Rd,NULL,Phoenix,AZ,85053
Michelle,Adams,michelle.adams@email.com,702,555-0142,3481 Center Pl,NULL,Las Vegas,NV,89101
Kevin,Nelson,kevin.nelson@email.com,617,555-0143,301 Victorian Dr,NULL,Boston,MA,2108
Carol,Baker,carol.baker@email.com,872,555-0144,6073 Lincoln Way,NULL,Chicago,IL,60612
Brian,Hall,brian.hall@email.com,480,555-0145,9450 Water Ave,NULL,Phoenix,AZ,85024
Amanda,Rivera,amanda.rivera@email.com,281,555-0146,7349 Pier Rd,NULL,Houston,TX,77027
George,Campbell,george.campbell@email.com,206,555-0147,1310 Freedom Rd,NULL,Seattle,WA,98102
Melissa,Mitchell,melissa.mitchell@email.com,679,555-0148,4692 Butte Pl,NULL,Detroit,MI,48203
Edward,Carter,edward.carter@email.com,564,555-0149,1415 Well Ter,NULL,Seattle,WA,98106
Deborah,Roberts,deborah.roberts@email.com,678,555-0150,2964 Church Blvd,NULL,Atlanta,GA,30313
Ronald,Gomez,ronald.gomez@email.com,404,555-0151,8407 Creek Pl,NULL,Atlanta,GA,30309
Stephanie,Phillips,stephanie.phillips@email.com,702,555-0152,7295 Locust Rd,NULL,Las Vegas,NV,89178
Timothy,Evans,timothy.evans@email.com,857,555-0153,3423 Crown St,NULL,Boston,MA,2121
Rebecca,Turner,rebecca.turner@email.com,857,555-0154,5654 Liberty Ave,NULL,Boston,MA,2130
Jason,Diaz,jason.diaz@email.com,407,555-0155,3560 Peak Ct,NULL,Orlando,FL,32829
Laura,Parker,laura.parker@email.com,470,555-0156,8856 Chapel Blvd,NULL,Atlanta,GA,30324
Jeffrey,Cruz,jeffrey.cruz@email.com,984,555-0157,6732 Pearl Ct,NULL,Raleigh,NC,27601
Sharon,Edwards,sharon.edwards@email.com,771,555-0158,9053 Pondside Ln,NULL,Washington,D.C.,20009
Ryan,Collins,ryan.collins@email.com,725,555-0159,7682 Desert Ave,NULL,Las Vegas,NV,89106
Cynthia,Reyes,cynthia.reyes@email.com,628,555-0160,7099 Magnolia Ct,NULL,San Francisco,CA,94131
Jacob,Stewart,jacob.stewart@email.com,415,555-0161,7506 High Blvd,NULL,San Francisco,CA,94117
Kathleen,Morris,kathleen.morris@email.com,206,555-0162,146 Monastery Ave,NULL,Seattle,WA,98115
Gary,Morales,gary.morales@email.com,202,555-0163,2927 Third Ter,NULL,Washington,D.C.,20008
Amy,Murphy,amy.murphy@email.com,480,555-0164,2287 Green Ter,NULL,Phoenix,AZ,85085
Nicholas,Cook,nicholas.cook@email.com,415,555-0165,1933 Willow Way,NULL,San Francisco,CA,94121
Angela,Rogers,angela.rogers@email.com,303,555-0166,4259 Rosewood Blvd,NULL,Denver,CO,80210
Eric,Morgan,eric.morgan@email.com,713,555-0167,6683 High Ave,NULL,Houston,TX,77024
Shirley,Peterson,shirley.peterson@email.com,313,555-0168,5726 Bay Way,NULL,Detroit,MI,48208
Jonathan,Cooper,jonathan.cooper@email.com,415,555-0169,1727 Coast Ave,NULL,San Francisco,CA,94122
Anna,Reed,anna.reed@email.com,943,555-0170,651 Victory Pl,NULL,Atlanta,GA,30309
Stephen,Bailey,stephen.bailey@email.com,564,555-0171,5807 Lodge Ct,NULL,Seattle,WA,98112
Brenda,Bell,brenda.bell@email.com,984,555-0172,4720 Monroe Dr,NULL,Raleigh,NC,27607
Larry,Gomez,larry.gomez@email.com,212,555-0173,6260 Front Ln,NULL,New York,NY,10028
Pamela,Kelly,pamela.kelly@email.com,202,555-0174,2519 Sunrise Dr,NULL,Washington,D.C.,20019
Justin,Howard,justin.howard@email.com,917,555-0175,383 School Ln,NULL,New York,NY,10023
Emma,Ramos,emma.ramos@email.com,480,555-0176,5671 Spruce Dr,NULL,Phoenix,AZ,85044
Scott,Kim,scott.kim@email.com,564,555-0177,9244 Tide Pl,NULL,Seattle,WA,98195
Nicole,Ward,nicole.ward@email.com,725,555-0178,3974 Lincoln Pl,NULL,Las Vegas,NV,89139
Brandon,Richardson,brandon.richardson@email.com,312,555-0179,592 Pearl Way,NULL,Chicago,IL,60647
Katherine,Watson,katherine.watson@email.com,321,555-0180,5501 Castle Ave,NULL,Orlando,FL,32811
Samuel,Brooks,samuel.brooks@email.com,983,555-0181,4410 Colonial Way,NULL,Denver,CO,80205
Christine,Chavez,christine.chavez@email.com,404,555-0182,2045 Lodge Pl,NULL,Atlanta,GA,30310
Benjamin,Wood,benjamin.wood@email.com,312,555-0183,1806 Silver Way,NULL,Chicago,IL,60605
Catherine,James,catherine.james@email.com,943,555-0184,2693 Magnolia Blvd,NULL,Atlanta,GA,30318
Frank,Bennett,frank.bennett@email.com,628,555-0185,9006 Dusk Blvd,NULL,San Francisco,CA,94131
Debra,Gray,debra.gray@email.com,617,555-0186,4922 Oxford Ter,NULL,Boston,MA,2210
Gregory,Mendoza,gregory.mendoza@email.com,312,555-0187,2649 Current Ct,NULL,Chicago,IL,60601
Rachel,Ruiz,rachel.ruiz@email.com,628,555-0188,497 Liberty Ct,NULL,San Francisco,CA,94104
Raymond,Hughes,raymond.hughes@email.com,407,555-0189,6925 Diamond Blvd,NULL,Orlando,FL,32809
Carolyn,Price,carolyn.price@email.com,313,555-0190,1631 Destiny St,NULL,Detroit,MI,48235
Alexander,Alvarez,alexander.alvarez@email.com,412,555-0191,7481 Harrison Ln,NULL,Pittsburgh,PA,15233
Janet,Castillo,janet.castillo@email.com,321,555-0192,894 Port Blvd,NULL,Orlando,FL,32835
Patrick,Sanders,patrick.sanders@email.com,564,555-0193,8753 Progress Dr,NULL,Seattle,WA,98155
Virginia,Patel,virginia.patel@email.com,212,555-0194,1381 Monroe Dr,NULL,New York,NY,10040
Jack,Myers,jack.myers@email.com,202,555-0195,9022 Starlight Ave,NULL,Washington,D.C.,20036
Heather,Long,heather.long@email.com,919,555-0196,2407 Wilson Ave,NULL,Raleigh,NC,27614
Dennis,Ross,dennis.ross@email.com,313,555-0197,9531 Manor Way,NULL,Detroit,MI,48205
Diane,Foster,diane.foster@email.com,919,555-0198,2070 Harrison Ln,NULL,Raleigh,NC,27609
Jerry,Jimenez,jerry.jimenez@email.com,689,555-0199,4015 Summit Ln,NULL,Orlando,FL,32812
Julie,Powell,julie.powell@email.com,313,555-0200,4518 Center Rd,NULL,Detroit,MI,48211
Tyler,Jenkins,tyler.jenkins@email.com,628,555-0201,9284 Howard St,NULL,San Francisco,CA,94108
Joyce,Perry,joyce.perry@email.com,412,555-0202,2046 Fairview Pl,NULL,Pittsburgh,PA,15227
Aaron,Russell,aaron.russell@email.com,872,555-0203,768 Sunny Blvd,NULL,Chicago,IL,60605
Victoria,Sullivan,victoria.sullivan@email.com,281,555-0204,8722 Cliff St,NULL,Houston,TX,77056
Jose,Bell,jose.bell@email.com,412,555-0205,3198 Creekside Ct,NULL,Pittsburgh,PA,15227
Lauren,Coleman,lauren.coleman@email.com,773,555-0206,9275 Summit Rd,NULL,Chicago,IL,60620
Adam,Jenkins,adam.jenkins@email.com,628,555-0207,6434 Seaside Pl,NULL,San Francisco,CA,94131
Judith,Bryant,judith.bryant@email.com,281,555-0208,5996 Ridge Ter,NULL,Houston,TX,77010
Henry,Alexander,henry.alexander@email.com,983,555-0209,6298 Summit Pl,NULL,Denver,CO,80209
Olivia,Russell,olivia.russell@email.com,679,555-0210,222 Elmwood Way,NULL,Detroit,MI,48209
Douglas,Griffin,douglas.griffin@email.com,878,555-0211,685 Oakwood Way,NULL,Pittsburgh,PA,15220
Frances,Hayes,frances.hayes@email.com,857,555-0212,3450 Rapids Way,NULL,Boston,MA,2199
Peter,Diaz,peter.diaz@email.com,771,555-0213,9679 Manor Ter,NULL,Washington,D.C.,20017
Evelyn,Myers,evelyn.myers@email.com,313,555-0214,8558 Charity Ter,NULL,Detroit,MI,48228
Harold,Ford,harold.ford@email.com,646,555-0215,4997 Coast Rd,NULL,New York,NY,10029
Jean,Hamilton,jean.hamilton@email.com,984,555-0216,7384 River Ave,NULL,Raleigh,NC,27605
Ethan,Graham,ethan.graham@email.com,202,555-0217,710 Greenwood Blvd,NULL,Washington,D.C.,20006
Cheryl,Sullivan,cheryl.sullivan@email.com,212,555-0218,8313 High Blvd,NULL,New York,NY,10030
Carl,Wallace,carl.wallace@email.com,480,555-0219,6542 First St,NULL,Phoenix,AZ,85023
Megan,Woods,megan.woods@email.com,872,555-0220,6261 Thirteenth Blvd,NULL,Chicago,IL,60626
Keith,Cole,keith.cole@email.com,480,555-0221,8206 Sapphire Ln,NULL,Phoenix,AZ,85051
Martha,West,martha.west@email.com,281,555-0222,7937 Fair Pl,NULL,Houston,TX,77063
Roger,Jordan,roger.jordan@email.com,878,555-0223,1804 Magnolia Rd,NULL,Pittsburgh,PA,15220
Madison,Owens,madison.owens@email.com,332,555-0224,4415 Riverside Rd,NULL,New York,NY,10029
Gerald,Reynolds,gerald.reynolds@email.com,702,555-0225,2433 Dock Rd,NULL,Las Vegas,NV,89107
Kathryn,Fisher,kathryn.fisher@email.com,281,555-0226,8446 Grant Rd,NULL,Houston,TX,77077
Christian,Ellis,christian.ellis@email.com,321,555-0227,1475 Fountain Ct,NULL,Orlando,FL,32811
Jacqueline,Harrison,jacqueline.harrison@email.com,470,555-0228,5595 Summit Ter,NULL,Atlanta,GA,30310
Terry,Gibson,terry.gibson@email.com,564,555-0229,1086 Chalet Ln,NULL,Seattle,WA,98103
Sophia,Mcdonald,sophia.mcdonald@email.com,773,555-0230,2567 Parkway Way,NULL,Chicago,IL,60614
Austin,Cruz,austin.cruz@email.com,857,555-0231,9937 Spruce Way,NULL,Boston,MA,2127
Theresa,Marshall,theresa.marshall@email.com,202,555-0232,3335 Rosewood Rd,NULL,Washington,D.C.,20005
Willie,Ortiz,willie.ortiz@email.com,346,555-0233,6039 University St,NULL,Houston,TX,77004
Beverly,Gomez,beverly.gomez@email.com,206,555-0234,7863 Sixteenth Ave,NULL,Seattle,WA,98125
Jesse,Murray,jesse.murray@email.com,480,555-0235,8879 Oceanview Pl,NULL,Phoenix,AZ,85051
Denise,Freeman,denise.freeman@email.com,564,555-0236,1007 Riverside St,NULL,Seattle,WA,98121
Billy,Wells,billy.wells@email.com,407,555-0237,9550 Granite Ln,NULL,Orlando,FL,32827
Marilyn,Webb,marilyn.webb@email.com,303,555-0238,8565 Highland Pl,NULL,Denver,CO,80203
Bruce,Simpson,bruce.simpson@email.com,470,555-0239,8371 Summit Way,NULL,Atlanta,GA,30305
Amber,Stevens,amber.stevens@email.com,943,555-0240,8115 Lodge Ter,NULL,Atlanta,GA,30313
Bryan,Tucker,bryan.tucker@email.com,983,555-0241,583 Wharf Ct,NULL,Denver,CO,80205
Danielle,Porter,danielle.porter@email.com,407,555-0242,9163 Thirteenth Ln,NULL,Orlando,FL,32832
Ralph,Hunter,ralph.hunter@email.com,281,555-0243,201 Lakewood Ct,NULL,Houston,TX,77042
Abigail,Hicks,abigail.hicks@email.com,564,555-0244,8401 Pine Pl,NULL,Seattle,WA,98116
Roy,Crawford,roy.crawford@email.com,212,555-0245,3596 Prospect Ct,NULL,New York,NY,10002
Brittany,Henry,brittany.henry@email.com,628,555-0246,6675 Sunny Way,NULL,San Francisco,CA,94129
Eugene,Boyd,eugene.boyd@email.com,202,555-0247,6326 Beech St,NULL,Washington,D.C.,20020
Gloria,Mason,gloria.mason@email.com,313,555-0248,1599 Mesa Way,NULL,Detroit,MI,48226
Russell,Moreno,russell.moreno@email.com,212,555-0249,8713 State Ln,NULL,New York,NY,10037
Teresa,Kennedy,teresa.kennedy@email.com,346,555-0250,4002 Princeton Ln,NULL,Houston,TX,77011
Louis,Warren,louis.warren@email.com,713,555-0251,5841 Desert Rd,NULL,Houston,TX,77009
Sara,Dixon,sara.dixon@email.com,412,555-0252,9000 Main Ln,NULL,Pittsburgh,PA,15227
Wayne,Ramos,wayne.ramos@email.com,346,555-0253,5913 Justice Way,NULL,Houston,TX,77007
Janice,Reyes,janice.reyes@email.com,917,555-0254,2804 Cliff Rd,NULL,New York,NY,10012
Lawrence,Burns,lawrence.burns@email.com,878,555-0255,1062 Eighth Blvd,NULL,Pittsburgh,PA,15207
Madison,Gordon,madison.gordon@email.com,623,555-0256,2410 Maple St,NULL,Phoenix,AZ,85014
Arthur,Shaw,arthur.shaw@email.com,206,555-0257,4733 Fork Ter,NULL,Seattle,WA,98164
Alexis,Holmes,alexis.holmes@email.com,857,555-0258,4952 Peaceful Way,NULL,Boston,MA,2135
Joe,Rice,joe.rice@email.com,480,555-0259,3400 Villa Ave,NULL,Phoenix,AZ,85037
Rose,Robertson,rose.robertson@email.com,919,555-0260,6314 Farm St,NULL,Raleigh,NC,27603
Juan,Hunt,juan.hunt@email.com,943,555-0261,9490 Pearl Ct,NULL,Atlanta,GA,30303
Julia,Black,julia.black@email.com,720,555-0262,1468 Bronze Way,NULL,Denver,CO,80224
Albert,Daniels,albert.daniels@email.com,773,555-0263,260 Main Ct,NULL,Chicago,IL,60637
Judy,Palmer,judy.palmer@email.com,303,555-0264,454 Prosperity Rd,NULL,Denver,CO,80227
Randy,Mills,randy.mills@email.com,919,555-0265,2977 Charity St,NULL,Raleigh,NC,27606
Grace,Nichols,grace.nichols@email.com,771,555-0266,5413 Inlet Ct,NULL,Washington,D.C.,20004
Howard,Grant,howard.grant@email.com,202,555-0267,727 Bridge Ave,NULL,Washington,D.C.,20012
Kelly,Knight,kelly.knight@email.com,313,555-0268,1106 Tenth Way,NULL,Detroit,MI,48206
Philip,Ferguson,philip.ferguson@email.com,702,555-0269,8957 Redwood St,NULL,Las Vegas,NV,89119
Christina,Rose,christina.rose@email.com,313,555-0270,1671 Seminary Ln,NULL,Detroit,MI,48219
Johnny,Stone,johnny.stone@email.com,919,555-0271,2042 Woodland St,NULL,Raleigh,NC,27607
Ann,Hawkins,ann.hawkins@email.com,646,555-0272,6977 Abbey Dr,NULL,New York,NY,10019
Vincent,Dunn,vincent.dunn@email.com,919,555-0273,8319 Greenwood St,NULL,Raleigh,NC,27616
Mildred,Perkins,mildred.perkins@email.com,917,555-0274,3488 Institute Rd,NULL,New York,NY,10032
Bobby,Hudson,bobby.hudson@email.com,346,555-0275,9670 Madison Ln,NULL,Houston,TX,77002
Jane,Spencer,jane.spencer@email.com,415,555-0276,9301 Institute St,NULL,San Francisco,CA,94115
Russell,Gardner,russell.gardner@email.com,984,555-0277,2579 Church St,NULL,Raleigh,NC,27607
Lori,Stephens,lori.stephens@email.com,984,555-0278,9381 State St,NULL,Raleigh,NC,27607
Shawn,Payne,shawn.payne@email.com,725,555-0279,9780 Cliffside Blvd,NULL,Las Vegas,NV,89103
Andrea,Pierce,andrea.pierce@email.com,404,555-0280,5217 Brookside Pl,NULL,Atlanta,GA,30306
Jeremy,Berry,jeremy.berry@email.com,281,555-0281,556 Hillside Blvd,NULL,Houston,TX,77024
Alice,Matthews,alice.matthews@email.com,646,555-0282,1273 Parkway Rd,NULL,New York,NY,10034
Harry,Arnold,harry.arnold@email.com,480,555-0283,5648 Ninth Ln,NULL,Phoenix,AZ,85085
Natalie,Wagner,natalie.wagner@email.com,857,555-0284,6906 Sunrise Ln,NULL,Boston,MA,2111
Walter,Willis,walter.willis@email.com,480,555-0285,7992 College Dr,NULL,Phoenix,AZ,85027
Tiffany,Ray,tiffany.ray@email.com,702,555-0286,1191 Wave Blvd,NULL,Las Vegas,NV,89178
Craig,Watkins,craig.watkins@email.com,773,555-0287,3342 Church Blvd,NULL,Chicago,IL,60611
Tammy,Olson,tammy.olson@email.com,303,555-0288,4236 Vine Blvd,NULL,Denver,CO,80210
Alan,Carroll,alan.carroll@email.com,415,555-0289,5079 Gentle Ln,NULL,San Francisco,CA,94109
Irene,Duncan,irene.duncan@email.com,303,555-0290,6699 Elmwood Ter,NULL,Denver,CO,80211
Philip,Snyder,philip.snyder@email.com,412,555-0291,6598 Colonial Ter,NULL,Pittsburgh,PA,15227
Diana,Hart,diana.hart@email.com,412,555-0292,3952 Elm Blvd,NULL,Pittsburgh,PA,15222
Jimmy,Cunningham,jimmy.cunningham@email.com,321,555-0293,6213 Copper Dr,NULL,Orlando,FL,32803
Ruth,Kelley,ruth.kelley@email.com,878,555-0294,7631 Windsor Ln,NULL,Pittsburgh,PA,15203
Sean,Franklin,sean.franklin@email.com,415,555-0295,7500 Willow Ave,NULL,San Francisco,CA,94109
Samantha,Lawson,samantha.lawson@email.com,312,555-0296,982 Division St,NULL,Chicago,IL,60615
Gerald,McCarthy,gerald.mccarthy@email.com,303,555-0297,5515 Sunny Rd,NULL,Denver,CO,80223
Marie,Burke,marie.burke@email.com,679,555-0298,3739 Ranch Blvd,NULL,Detroit,MI,48204
Keith,Elliott,keith.elliott@email.com,346,555-0299,1632 Southwood St,NULL,Houston,TX,77008
Madison,Lowe,madison.lowe@email.com,628,555-0300,3633 Locust Dr,NULL,San Francisco,CA,94118
Willie,Reeves,willie.reeves@email.com,832,555-0301,9504 Dawn Rd,NULL,Houston,TX,77007
Doris,Caldwell,doris.caldwell@email.com,470,555-0302,7569 Princeton St,NULL,Atlanta,GA,30312
Randy,Ryan,randy.ryan@email.com,857,555-0303,850 Heritage Pl,NULL,Boston,MA,2115
Kathryn,Parks,kathryn.parks@email.com,878,555-0304,3028 Valleyview Rd,NULL,Pittsburgh,PA,15233
Eugene,Chambers,eugene.chambers@email.com,919,555-0305,4496 Fifth Ct,NULL,Raleigh,NC,27614
Jacqueline,Stokes,jacqueline.stokes@email.com,202,555-0306,5350 Dusk Dr,NULL,Washington,D.C.,20004
Albert,Quinn,albert.quinn@email.com,646,555-0307,5767 Peaceful Dr,NULL,New York,NY,10025
Cheryl,Byrd,cheryl.byrd@email.com,689,555-0308,6596 Sunrise Ct,NULL,Orlando,FL,32814
Harold,Massey,harold.massey@email.com,919,555-0309,8817 Jade Rd,NULL,Raleigh,NC,27613
Megan,Leon,megan.leon@email.com,702,555-0310,6283 Dusk Pl,NULL,Las Vegas,NV,89130
Carl,Pearson,carl.pearson@email.com,678,555-0311,5504 Bright Ter,NULL,Atlanta,GA,30308
Denise,Cannon,denise.cannon@email.com,412,555-0312,9133 Water Ct,NULL,Pittsburgh,PA,15208
Roger,Vega,roger.vega@email.com,984,555-0313,9608 Crown Ct,NULL,Raleigh,NC,27616
Brittany,Rosales,brittany.rosales@email.com,303,555-0314,6902 Strand Rd,NULL,Denver,CO,80227
Terry,Santana,terry.santana@email.com,725,555-0315,2676 Lakewood Way,NULL,Las Vegas,NV,89146
Theresa,Weber,theresa.weber@email.com,713,555-0316,7090 Yale Blvd,NULL,Houston,TX,77018
Willie,Montgomery,willie.montgomery@email.com,312,555-0317,567 Bronze Ter,NULL,Chicago,IL,60605
Beverly,Thornton,beverly.thornton@email.com,679,555-0318,5510 Woodland Pl,NULL,Detroit,MI,48203
Jesse,Keith,jesse.keith@email.com,206,555-0319,6227 Desert Pl,NULL,Seattle,WA,98178
Marilyn,Ramsey,marilyn.ramsey@email.com,983,555-0320,5976 Clear Dr,NULL,Denver,CO,80203
Bruce,Hodges,bruce.hodges@email.com,470,555-0321,5707 Steel Ave,NULL,Atlanta,GA,30312
Amber,Holland,amber.holland@email.com,646,555-0322,9335 Pine Rd,NULL,New York,NY,10011
Bryan,Mann,bryan.mann@email.com,689,555-0323,550 Ash Ct,NULL,Orlando,FL,32807
Danielle,Dawson,danielle.dawson@email.com,771,555-0324,3621 Westwood Rd,NULL,Washington,D.C.,20005
Ralph,Washington,ralph.washington@email.com,689,555-0325,530 Jade Ter,NULL,Orlando,FL,32822
Abigail,Jefferson,abigail.jefferson@email.com,857,555-0326,8995 Woodland Pl,NULL,Boston,MA,2132
Roy,Booth,roy.booth@email.com,857,555-0327,3234 Manor St,NULL,Boston,MA,2109
Gloria,Carr,gloria.carr@email.com,872,555-0328,4298 Current Ter,NULL,Chicago,IL,60614
Eugene,Cain,eugene.cain@email.com,702,555-0329,5015 Birch Blvd,NULL,Las Vegas,NV,89103
Teresa,Greer,teresa.greer@email.com,857,555-0330,3974 Jade Ct,NULL,Boston,MA,2124
Louis,Giles,louis.giles@email.com,415,555-0331,1517 Main Way,NULL,San Francisco,CA,94107
Sara,Poole,sara.poole@email.com,725,555-0332,1221 Pinewood Ter,NULL,Las Vegas,NV,89147
Wayne,Kidd,wayne.kidd@email.com,919,555-0333,5249 Peak Rd,NULL,Raleigh,NC,27614
Janice,Weaver,janice.weaver@email.com,617,555-0334,7881 Fair Pl,NULL,Boston,MA,2128
Lawrence,Howell,lawrence.howell@email.com,713,555-0335,9495 Greenwood Blvd,NULL,Houston,TX,77070
Madison,Roth,madison.roth@email.com,702,555-0336,8830 Ridgewood Dr,NULL,Las Vegas,NV,89109
Arthur,Webster,arthur.webster@email.com,771,555-0337,9225 Silver Pl,NULL,Washington,D.C.,20037
Alexis,Goodman,alexis.goodman@email.com,857,555-0338,1014 Cedar Ln,NULL,Boston,MA,2210
Joe,Becker,joe.becker@email.com,628,555-0339,9301 Gentle Way,NULL,San Francisco,CA,94121
Rose,Blair,rose.blair@email.com,919,555-0340,4765 Front Pl,NULL,Raleigh,NC,27601
Juan,Colon,juan.colon@email.com,303,555-0341,9838 Charity Ln,NULL,Denver,CO,80227
Julia,Alston,julia.alston@email.com,679,555-0342,1082 Eighth Ave,NULL,Detroit,MI,48205
Albert,Wilkins,albert.wilkins@email.com,321,555-0343,7871 Dusk Ter,NULL,Orlando,FL,32808
Judy,Atkinson,judy.atkinson@email.com,617,555-0344,6014 Cathedral Ave,NULL,Boston,MA,2134
Randy,Browning,randy.browning@email.com,206,555-0345,7703 Sunny Pl,NULL,Seattle,WA,98164
Grace,Leach,grace.leach@email.com,872,555-0346,7470 Beech Ave,NULL,Chicago,IL,60602
Howard,Good,howard.good@email.com,771,555-0347,3349 Well St,NULL,Washington,D.C.,20037
Kelly,Pittman,kelly.pittman@email.com,878,555-0348,3922 Peace Dr,NULL,Pittsburgh,PA,15201
Philip,Cabrera,philip.cabrera@email.com,404,555-0349,2125 Hill Ln,NULL,Atlanta,GA,30306
Christina,Lester,christina.lester@email.com,312,555-0350,6349 Walnut Pl,NULL,Chicago,IL,60647
Johnny,Moss,johnny.moss@email.com,321,555-0351,2262 Palace Pl,NULL,Orlando,FL,32817
Ann,Melton,ann.melton@email.com,412,555-0352,5234 Cedarwood Blvd,NULL,Pittsburgh,PA,15232
Vincent,Donovan,vincent.donovan@email.com,312,555-0353,1973 Highland Ln,NULL,Chicago,IL,60626
Mildred,Wall,mildred.wall@email.com,919,555-0354,6173 Brook Ave,NULL,Raleigh,NC,27607
Bobby,Novak,bobby.novak@email.com,679,555-0355,9541 Starlight Ter,NULL,Detroit,MI,48234
Jane,Monroe,jane.monroe@email.com,407,555-0356,2203 Dusk Ln,NULL,Orlando,FL,32809
Russell,Horton,russell.horton@email.com,773,555-0357,7642 Court Blvd,NULL,Chicago,IL,60601
Lori,Knox,lori.knox@email.com,412,555-0358,4841 Forest Way,NULL,Pittsburgh,PA,15222
Shawn,Chapman,shawn.chapman@email.com,206,555-0359,4920 Strand St,NULL,Seattle,WA,98107
Andrea,Singleton,andrea.singleton@email.com,564,555-0360,947 Commerce Ave,NULL,Seattle,WA,98104
Jeremy,Randall,jeremy.randall@email.com,720,555-0361,1448 Sunset Ln,NULL,Denver,CO,80205
Alice,Malone,alice.malone@email.com,857,555-0362,2526 Falls Pl,NULL,Boston,MA,2210
Harry,McLaughlin,harry.mclaughlin@email.com,679,555-0363,2271 Ridgewood Ct,NULL,Detroit,MI,48203
Natalie,Andrews,natalie.andrews@email.com,206,555-0364,7499 Tranquil Ln,NULL,Seattle,WA,98155
Walter,Barnett,walter.barnett@email.com,702,555-0365,6154 Pinewood Blvd,NULL,Las Vegas,NV,89118
Tiffany,Graves,tiffany.graves@email.com,415,555-0366,4178 Valleyview Pl,NULL,San Francisco,CA,94105
Craig,Jimenez,craig.jimenez@email.com,702,555-0367,1759 Tide Rd,NULL,Las Vegas,NV,89104
Tammy,Horton,tammy.horton@email.com,407,555-0368,6203 Cascade Blvd,NULL,Orlando,FL,32821
Alan,Watkins,alan.watkins@email.com,617,555-0369,5787 Victory Dr,NULL,Boston,MA,2114
Irene,Herring,irene.herring@email.com,628,555-0370,5026 Marina Dr,NULL,San Francisco,CA,94132
Philip,McKenzie,philip.mckenzie@email.com,646,555-0371,6969 Harvard Way,NULL,New York,NY,10022
Diana,Mosley,diana.mosley@email.com,212,555-0372,8406 Highland Ave,NULL,New York,NY,10026
Jimmy,Carey,jimmy.carey@email.com,202,555-0373,228 Run Ct,NULL,Washington,D.C.,20037
Ruth,Phelps,ruth.phelps@email.com,412,555-0374,9790 Port Ct,NULL,Pittsburgh,PA,15224
Sean,Salinas,sean.salinas@email.com,628,555-0375,7717 Crown Rd,NULL,San Francisco,CA,94133
Samantha,Hogan,samantha.hogan@email.com,602,555-0376,435 Northwood Ter,NULL,Phoenix,AZ,85034
Gerald,Lamb,gerald.lamb@email.com,857,555-0377,8111 Coast Rd,NULL,Boston,MA,2128
Marie,Gallagher,marie.gallagher@email.com,983,555-0378,8731 Yale Ln,NULL,Denver,CO,80219
Keith,Rich,keith.rich@email.com,202,555-0379,7088 Iron St,NULL,Washington,D.C.,20001
Madison,Bowers,madison.bowers@email.com,602,555-0380,2288 First Ct,NULL,Phoenix,AZ,85014
Willie,Barton,willie.barton@email.com,321,555-0381,3377 Oak Blvd,NULL,Orlando,FL,32808
Doris,Johns,doris.johns@email.com,623,555-0382,6899 Birch Pl,NULL,Phoenix,AZ,85024
Randy,Durham,randy.durham@email.com,771,555-0383,6834 Yale Way,NULL,Washington,D.C.,20019
Kathryn,Watts,kathryn.watts@email.com,202,555-0384,9620 Vine Pl,NULL,Washington,D.C.,20037
Eugene,Koch,eugene.koch@email.com,602,555-0385,647 Copper Ter,NULL,Phoenix,AZ,85003
Jacqueline,Sutton,jacqueline.sutton@email.com,480,555-0386,3141 Oxford Dr,NULL,Phoenix,AZ,85034
Albert,Godfrey,albert.godfrey@email.com,206,555-0387,5831 Coast Pl,NULL,Seattle,WA,98146
Cheryl,Peck,cheryl.peck@email.com,628,555-0388,963 Willow Rd,NULL,San Francisco,CA,94110
Harold,McGuire,harold.mcguire@email.com,919,555-0389,4625 Vineyard Pl,NULL,Raleigh,NC,27601
Megan,Ross,megan.ross@email.com,303,555-0390,2196 Valley Ct,NULL,Denver,CO,80203
Carl,Floyd,carl.floyd@email.com,412,555-0391,8399 Academy Ter,NULL,Pittsburgh,PA,15226
Denise,Hubbard,denise.hubbard@email.com,407,555-0392,1706 Merry St,NULL,Orlando,FL,32808
Ming,Chen,ming.chen@email.com,689,555-0393,652 Howard Way,NULL,Orlando,FL,32828
Priya,Sharma,priya.sharma@email.com,321,555-0394,3380 Beech Rd,NULL,Orlando,FL,32806
Yuki,Tanaka,yuki.tanaka@email.com,281,555-0395,1146 Birch Ter,NULL,Houston,TX,77007
Fatima,Hassan,fatima.hassan@email.com,206,555-0396,7046 Windsor Pl,NULL,Seattle,WA,98199
Dmitri,Volkov,dmitri.volkov@email.com,628,555-0397,4488 Washington Way,NULL,San Francisco,CA,94115
Amara,Okafor,amara.okafor@email.com,313,555-0398,1756 Seaside Dr,NULL,Detroit,MI,48208
Raj,Kapoor,raj.kapoor@email.com,623,555-0399,5883 High Dr,NULL,Phoenix,AZ,85023
Mei,Wong,mei.wong@email.com,771,555-0400,1697 Madison Ln,NULL,Washington,D.C.,20024